"Title","Media URL","Description","Link","Board"
"Crocodile Wildlife Printable Wall Art | Reptile Nature Home Decor","https://res.cloudinary.com/dcdscgbao/image/upload/w_1000,h_1500,c_fill,g_auto,f_auto,q_auto/v1752839118/wahf3ftv7k8cjycgl5n4.png","Bold crocodile wildlife art print — a striking statement piece for any nature lover's space. Available as an instant digital download in 12×18, 18×24, and 24×36. Print at home and frame it your way. Shop at postergenius.ca. #wildlifeprint #animalposter","https://postergenius.ca/product/big-ass-crocodile?utm_source=pinterest&utm_medium=social&utm_campaign=organic","Minimalist Wall Art Prints"
"Crocodile Wildlife Printable Wall Art | Reptile Nature Home Decor","https://res.cloudinary.com/dcdscgbao/image/upload/w_1000,h_1500,c_fill,g_auto,f_auto,q_auto/v1752839118/wahf3ftv7k8cjycgl5n4.png","Bold crocodile wildlife art print — a striking statement piece for any nature lover's space. Available as an instant digital download in 12×18, 18×24, and 24×36. Print at home and frame it your way. Shop at postergenius.ca. #wildlifeprint #animalposter","https://postergenius.ca/product/big-ass-crocodile?utm_source=pinterest&utm_medium=social&utm_campaign=organic","Minimalist Wall Art Prints"
"Crocodile Wildlife Printable Wall Art | Reptile Nature Home Decor","https://res.cloudinary.com/dcdscgbao/image/upload/w_1000,h_1500,c_fill,g_auto,f_auto,q_auto/v1752839118/wahf3ftv7k8cjycgl5n4.png","Bold crocodile wildlife art print — a striking statement piece for any nature lover's space. Available as an instant digital download in 12×18, 18×24, and 24×36. Print at home and frame it your way. Shop at postergenius.ca. #wildlifeprint #animalposter","https://postergenius.ca/product/big-ass-crocodile?utm_source=pinterest&utm_medium=social&utm_campaign=organic","Gallery Wall Ideas"
"Majestic Lion Portrait Printable Wall Art | Wildlife Home Decor","https://res.cloudinary.com/dcdscgbao/image/upload/w_1000,h_1500,c_fill,g_auto,f_auto,q_auto/v1752873377/hbweggtxbc3vxwq5f7ur.png","A commanding lion portrait print that brings bold African wildlife energy into any room. Instant digital download available in multiple sizes. Perfect for living rooms, offices, and gallery walls. Shop at postergenius.ca. #lionprint #wildlifewallart","https://postergenius.ca/product/cool-lione?utm_source=pinterest&utm_medium=social&utm_campaign=organic","Minimalist Wall Art Prints"
"Majestic Lion Portrait Printable Wall Art | Wildlife Home Decor","https://res.cloudinary.com/dcdscgbao/image/upload/w_1000,h_1500,c_fill,g_auto,f_auto,q_auto/v1752873377/hbweggtxbc3vxwq5f7ur.png","A commanding lion portrait print that brings bold African wildlife energy into any room. Instant digital download available in multiple sizes. Perfect for living rooms, offices, and gallery walls. Shop at postergenius.ca. #lionprint #wildlifewallart","https://postergenius.ca/product/cool-lione?utm_source=pinterest&utm_medium=social&utm_campaign=organic","Minimalist Wall Art Prints"
"Majestic Lion Portrait Printable Wall Art | Wildlife Home Decor","https://res.cloudinary.com/dcdscgbao/image/upload/w_1000,h_1500,c_fill,g_auto,f_auto,q_auto/v1752873377/hbweggtxbc3vxwq5f7ur.png","A commanding lion portrait print that brings bold African wildlife energy into any room. Instant digital download available in multiple sizes. Perfect for living rooms, offices, and gallery walls. Shop at postergenius.ca. #lionprint #wildlifewallart","https://postergenius.ca/product/cool-lione?utm_source=pinterest&utm_medium=social&utm_campaign=organic","Gallery Wall Ideas"
"Monochromatic Bear Printable Wall Art | Black White Animal Print","https://res.cloudinary.com/dcdscgbao/image/upload/w_1000,h_1500,c_fill,g_auto,f_auto,q_auto/v1759774402/buxkycigwrrhunht4kmp.png","Minimalist black and white bear art print — clean, modern, and versatile. Instant digital download in 12×18, 18×24, and 24×36. Pairs beautifully with neutral and Scandinavian-style interiors. Shop at postergenius.ca. #blackwhitewallart #animalprintables","https://postergenius.ca/product/monochromatic-bear?utm_source=pinterest&utm_medium=social&utm_campaign=organic","Animal Wall Art Prints"
"Monochromatic Bear Printable Wall Art | Black White Animal Print","https://res.cloudinary.com/dcdscgbao/image/upload/w_1000,h_1500,c_fill,g_auto,f_auto,q_auto/v1759774402/buxkycigwrrhunht4kmp.png","Minimalist black and white bear art print — clean, modern, and versatile. Instant digital download in 12×18, 18×24, and 24×36. Pairs beautifully with neutral and Scandinavian-style interiors. Shop at postergenius.ca. #blackwhitewallart #animalprintables","https://postergenius.ca/product/monochromatic-bear?utm_source=pinterest&utm_medium=social&utm_campaign=organic","Minimalist Wall Art Prints"
"Monochromatic Bear Printable Wall Art | Black White Animal Print","https://res.cloudinary.com/dcdscgbao/image/upload/w_1000,h_1500,c_fill,g_auto,f_auto,q_auto/v1759774402/buxkycigwrrhunht4kmp.png","Minimalist black and white bear art print — clean, modern, and versatile. Instant digital download in 12×18, 18×24, and 24×36. Pairs beautifully with neutral and Scandinavian-style interiors. Shop at postergenius.ca. #blackwhitewallart #animalprintables","https://postergenius.ca/product/monochromatic-bear?utm_source=pinterest&utm_medium=social&utm_campaign=organic","Gallery Wall Ideas"
"Beige Horse Equestrian Printable Wall Art | Neutral Animal Print","https://res.cloudinary.com/dcdscgbao/image/upload/w_1000,h_1500,c_fill,g_auto,f_auto,q_auto/v1759806848/feisqcdyrsqbvhqogyjm.png","Warm beige equestrian horse art print — elegant and timeless. Instant digital download in multiple sizes. Ideal for neutral, earthy, or boho-style interiors and bedroom gallery walls. Shop at postergenius.ca. #equestrianprint #horsewallart","https://postergenius.ca/product/beige-equestrian?utm_source=pinterest&utm_medium=social&utm_campaign=organic","Animal Wall Art Prints"
"Beige Horse Equestrian Printable Wall Art | Neutral Animal Print","https://res.cloudinary.com/dcdscgbao/image/upload/w_1000,h_1500,c_fill,g_auto,f_auto,q_auto/v1759806848/feisqcdyrsqbvhqogyjm.png","Warm beige equestrian horse art print — elegant and timeless. Instant digital download in multiple sizes. Ideal for neutral, earthy, or boho-style interiors and bedroom gallery walls. Shop at postergenius.ca. #equestrianprint #horsewallart","https://postergenius.ca/product/beige-equestrian?utm_source=pinterest&utm_medium=social&utm_campaign=organic","Minimalist Wall Art Prints"
"Beige Horse Equestrian Printable Wall Art | Neutral Animal Print","https://res.cloudinary.com/dcdscgbao/image/upload/w_1000,h_1500,c_fill,g_auto,f_auto,q_auto/v1759806848/feisqcdyrsqbvhqogyjm.png","Warm beige equestrian horse art print — elegant and timeless. Instant digital download in multiple sizes. Ideal for neutral, earthy, or boho-style interiors and bedroom gallery walls. Shop at postergenius.ca. #equestrianprint #horsewallart","https://postergenius.ca/product/beige-equestrian?utm_source=pinterest&utm_medium=social&utm_campaign=organic","Gallery Wall Ideas"
"Relaxed Animal Printable Wall Art | Laid-Back Home Decor Print","https://res.cloudinary.com/dcdscgbao/image/upload/w_1000,h_1500,c_fill,g_auto,f_auto,q_auto/v1759774116/fgnxuqa0lcucasuycy3b.png","Easygoing animal wall art with a cool, understated vibe. Instant digital download available in 12×18, 18×24, and 24×36. A great fit for casual living spaces, dorms, and eclectic gallery walls. Shop at postergenius.ca. #animalprintable #casualhomedecor","https://postergenius.ca/product/chill-poster?utm_source=pinterest&utm_medium=social&utm_campaign=organic","Animal Wall Art Prints"
"Relaxed Animal Printable Wall Art | Laid-Back Home Decor Print","https://res.cloudinary.com/dcdscgbao/image/upload/w_1000,h_1500,c_fill,g_auto,f_auto,q_auto/v1759774116/fgnxuqa0lcucasuycy3b.png","Easygoing animal wall art with a cool, understated vibe. Instant digital download available in 12×18, 18×24, and 24×36. A great fit for casual living spaces, dorms, and eclectic gallery walls. Shop at postergenius.ca. #animalprintable #casualhomedecor","https://postergenius.ca/product/chill-poster?utm_source=pinterest&utm_medium=social&utm_campaign=organic","Minimalist Wall Art Prints"
"Relaxed Animal Printable Wall Art | Laid-Back Home Decor Print","https://res.cloudinary.com/dcdscgbao/image/upload/w_1000,h_1500,c_fill,g_auto,f_auto,q_auto/v1759774116/fgnxuqa0lcucasuycy3b.png","Easygoing animal wall art with a cool, understated vibe. Instant digital download available in 12×18, 18×24, and 24×36. A great fit for casual living spaces, dorms, and eclectic gallery walls. Shop at postergenius.ca. #animalprintable #casualhomedecor","https://postergenius.ca/product/chill-poster?utm_source=pinterest&utm_medium=social&utm_campaign=organic","Gallery Wall Ideas"
"Nature's Guardian Animal Printable Wall Art | Wildlife Home Decor","https://res.cloudinary.com/dcdscgbao/image/upload/w_1000,h_1500,c_fill,g_auto,f_auto,q_auto/v1759774064/lcfsgzxrmteztbf3aauu.jpg","Powerful wildlife guardian art print — bold and atmospheric. Instant digital download in multiple sizes. Perfect for nature lovers and anyone who wants striking wall art with a story. Shop at postergenius.ca. #wildlifewallart #natureposter","https://postergenius.ca/product/nature-s-guardian?utm_source=pinterest&utm_medium=social&utm_campaign=organic","Animal Wall Art Prints"
"Nature's Guardian Animal Printable Wall Art | Wildlife Home Decor","https://res.cloudinary.com/dcdscgbao/image/upload/w_1000,h_1500,c_fill,g_auto,f_auto,q_auto/v1759774064/lcfsgzxrmteztbf3aauu.jpg","Powerful wildlife guardian art print — bold and atmospheric. Instant digital download in multiple sizes. Perfect for nature lovers and anyone who wants striking wall art with a story. Shop at postergenius.ca. #wildlifewallart #natureposter","https://postergenius.ca/product/nature-s-guardian?utm_source=pinterest&utm_medium=social&utm_campaign=organic","Minimalist Wall Art Prints"
"Nature's Guardian Animal Printable Wall Art | Wildlife Home Decor","https://res.cloudinary.com/dcdscgbao/image/upload/w_1000,h_1500,c_fill,g_auto,f_auto,q_auto/v1759774064/lcfsgzxrmteztbf3aauu.jpg","Powerful wildlife guardian art print — bold and atmospheric. Instant digital download in multiple sizes. Perfect for nature lovers and anyone who wants striking wall art with a story. Shop at postergenius.ca. #wildlifewallart #natureposter","https://postergenius.ca/product/nature-s-guardian?utm_source=pinterest&utm_medium=social&utm_campaign=organic","Gallery Wall Ideas"
"Double Exposure Animal Printable Wall Art | Modern Art Print","https://res.cloudinary.com/dcdscgbao/image/upload/w_1000,h_1500,c_fill,g_auto,f_auto,q_auto/v1759774021/qthvcsp3yyohtixcgbrx.jpg","Striking double exposure animal portrait — nature and artistry layered into one. Instant digital download in 12×18, 18×24, and 24×36. A modern statement piece for minimalist and contemporary spaces. Shop at postergenius.ca. #doubleexposure #modernwallart","https://postergenius.ca/product/double-exposure?utm_source=pinterest&utm_medium=social&utm_campaign=organic","Animal Wall Art Prints"
"Double Exposure Animal Printable Wall Art | Modern Art Print","https://res.cloudinary.com/dcdscgbao/image/upload/w_1000,h_1500,c_fill,g_auto,f_auto,q_auto/v1759774021/qthvcsp3yyohtixcgbrx.jpg","Striking double exposure animal portrait — nature and artistry layered into one. Instant digital download in 12×18, 18×24, and 24×36. A modern statement piece for minimalist and contemporary spaces. Shop at postergenius.ca. #doubleexposure #modernwallart","https://postergenius.ca/product/double-exposure?utm_source=pinterest&utm_medium=social&utm_campaign=organic","Minimalist Wall Art Prints"
"Double Exposure Animal Printable Wall Art | Modern Art Print","https://res.cloudinary.com/dcdscgbao/image/upload/w_1000,h_1500,c_fill,g_auto,f_auto,q_auto/v1759774021/qthvcsp3yyohtixcgbrx.jpg","Striking double exposure animal portrait — nature and artistry layered into one. Instant digital download in 12×18, 18×24, and 24×36. A modern statement piece for minimalist and contemporary spaces. Shop at postergenius.ca. #doubleexposure #modernwallart","https://postergenius.ca/product/double-exposure?utm_source=pinterest&utm_medium=social&utm_campaign=organic","Gallery Wall Ideas"
"Dreaming in the Wild Animal Printable Wall Art | Nature Bedroom Decor","https://res.cloudinary.com/dcdscgbao/image/upload/w_1000,h_1500,c_fill,g_auto,f_auto,q_auto/v1759773943/ptly7spl7rpwall0n8zw.png","Dreamy, atmospheric wildlife art print that brings the outdoors in. Instant digital download in multiple sizes. Perfect above a bed or as a soft focal point in a nature-inspired bedroom. Shop at postergenius.ca. #wildlifeprintable #bedroomwallart","https://postergenius.ca/product/dreaming-in-the-wild?utm_source=pinterest&utm_medium=social&utm_campaign=organic","Animal Wall Art Prints"
"Dreaming in the Wild Animal Printable Wall Art | Nature Bedroom Decor","https://res.cloudinary.com/dcdscgbao/image/upload/w_1000,h_1500,c_fill,g_auto,f_auto,q_auto/v1759773943/ptly7spl7rpwall0n8zw.png","Dreamy, atmospheric wildlife art print that brings the outdoors in. Instant digital download in multiple sizes. Perfect above a bed or as a soft focal point in a nature-inspired bedroom. Shop at postergenius.ca. #wildlifeprintable #bedroomwallart","https://postergenius.ca/product/dreaming-in-the-wild?utm_source=pinterest&utm_medium=social&utm_campaign=organic","Minimalist Wall Art Prints"
"Dreaming in the Wild Animal Printable Wall Art | Nature Bedroom Decor","https://res.cloudinary.com/dcdscgbao/image/upload/w_1000,h_1500,c_fill,g_auto,f_auto,q_auto/v1759773943/ptly7spl7rpwall0n8zw.png","Dreamy, atmospheric wildlife art print that brings the outdoors in. Instant digital download in multiple sizes. Perfect above a bed or as a soft focal point in a nature-inspired bedroom. Shop at postergenius.ca. #wildlifeprintable #bedroomwallart","https://postergenius.ca/product/dreaming-in-the-wild?utm_source=pinterest&utm_medium=social&utm_campaign=organic","Gallery Wall Ideas"
"Playful Animal Printable Wall Art | Fun Kids Room Decor Print","https://res.cloudinary.com/dcdscgbao/image/upload/w_1000,h_1500,c_fill,g_auto,f_auto,q_auto/v1759773884/wcbyschfy52w2gl9inpp.png","Whimsical and playful animal wall art that brings personality to any room. Instant digital download in 12×18, 18×24, and 24×36. Great for kids' rooms, playrooms, or anyone who likes art with a sense of humor. Shop at postergenius.ca. #kidsroomdecor #funwallart","https://postergenius.ca/product/bubble-trouble?utm_source=pinterest&utm_medium=social&utm_campaign=organic","Animal Wall Art Prints"
"Playful Animal Printable Wall Art | Fun Kids Room Decor Print","https://res.cloudinary.com/dcdscgbao/image/upload/w_1000,h_1500,c_fill,g_auto,f_auto,q_auto/v1759773884/wcbyschfy52w2gl9inpp.png","Whimsical and playful animal wall art that brings personality to any room. Instant digital download in 12×18, 18×24, and 24×36. Great for kids' rooms, playrooms, or anyone who likes art with a sense of humor. Shop at postergenius.ca. #kidsroomdecor #funwallart","https://postergenius.ca/product/bubble-trouble?utm_source=pinterest&utm_medium=social&utm_campaign=organic","Minimalist Wall Art Prints"
"Playful Animal Printable Wall Art | Fun Kids Room Decor Print","https://res.cloudinary.com/dcdscgbao/image/upload/w_1000,h_1500,c_fill,g_auto,f_auto,q_auto/v1759773884/wcbyschfy52w2gl9inpp.png","Whimsical and playful animal wall art that brings personality to any room. Instant digital download in 12×18, 18×24, and 24×36. Great for kids' rooms, playrooms, or anyone who likes art with a sense of humor. Shop at postergenius.ca. #kidsroomdecor #funwallart","https://postergenius.ca/product/bubble-trouble?utm_source=pinterest&utm_medium=social&utm_campaign=organic","Gallery Wall Ideas"
"Sunset Silhouette Animal Printable Wall Art | Golden Hour Nature Print","https://res.cloudinary.com/dcdscgbao/image/upload/w_1000,h_1500,c_fill,g_auto,f_auto,q_auto/v1759773826/vn6hdhf8frztp18xqbns.jpg","Warm golden-hour animal silhouette print — dramatic, minimal, and beautiful. Instant digital download in multiple sizes. Stunning in living rooms or as a bedroom focal point. Shop at postergenius.ca. #sunsetwallart #silhouetteprint","https://postergenius.ca/product/sunset-silhouette?utm_source=pinterest&utm_medium=social&utm_campaign=organic","Animal Wall Art Prints"
"Sunset Silhouette Animal Printable Wall Art | Golden Hour Nature Print","https://res.cloudinary.com/dcdscgbao/image/upload/w_1000,h_1500,c_fill,g_auto,f_auto,q_auto/v1759773826/vn6hdhf8frztp18xqbns.jpg","Warm golden-hour animal silhouette print — dramatic, minimal, and beautiful. Instant digital download in multiple sizes. Stunning in living rooms or as a bedroom focal point. Shop at postergenius.ca. #sunsetwallart #silhouetteprint","https://postergenius.ca/product/sunset-silhouette?utm_source=pinterest&utm_medium=social&utm_campaign=organic","Minimalist Wall Art Prints"
"Sunset Silhouette Animal Printable Wall Art | Golden Hour Nature Print","https://res.cloudinary.com/dcdscgbao/image/upload/w_1000,h_1500,c_fill,g_auto,f_auto,q_auto/v1759773826/vn6hdhf8frztp18xqbns.jpg","Warm golden-hour animal silhouette print — dramatic, minimal, and beautiful. Instant digital download in multiple sizes. Stunning in living rooms or as a bedroom focal point. Shop at postergenius.ca. #sunsetwallart #silhouetteprint","https://postergenius.ca/product/sunset-silhouette?utm_source=pinterest&utm_medium=social&utm_campaign=organic","Gallery Wall Ideas"
"Leopard Portrait Printable Wall Art | Big Cat Animal Art Print","https://res.cloudinary.com/dcdscgbao/image/upload/w_1000,h_1500,c_fill,g_auto,f_auto,q_auto/v1759773766/kkyhwzuk6dkjzfzi1crn.png","Bold leopard portrait wall art for those who love wild and exotic home decor. Instant digital download in 12×18, 18×24, and 24×36. A standout piece for living rooms, offices, and gallery walls. Shop at postergenius.ca. #leopardprint #bigcatwallart","https://postergenius.ca/product/leopard-print?utm_source=pinterest&utm_medium=social&utm_campaign=organic","Animal Wall Art Prints"
"Leopard Portrait Printable Wall Art | Big Cat Animal Art Print","https://res.cloudinary.com/dcdscgbao/image/upload/w_1000,h_1500,c_fill,g_auto,f_auto,q_auto/v1759773766/kkyhwzuk6dkjzfzi1crn.png","Bold leopard portrait wall art for those who love wild and exotic home decor. Instant digital download in 12×18, 18×24, and 24×36. A standout piece for living rooms, offices, and gallery walls. Shop at postergenius.ca. #leopardprint #bigcatwallart","https://postergenius.ca/product/leopard-print?utm_source=pinterest&utm_medium=social&utm_campaign=organic","Minimalist Wall Art Prints"
"Leopard Portrait Printable Wall Art | Big Cat Animal Art Print","https://res.cloudinary.com/dcdscgbao/image/upload/w_1000,h_1500,c_fill,g_auto,f_auto,q_auto/v1759773766/kkyhwzuk6dkjzfzi1crn.png","Bold leopard portrait wall art for those who love wild and exotic home decor. Instant digital download in 12×18, 18×24, and 24×36. A standout piece for living rooms, offices, and gallery walls. Shop at postergenius.ca. #leopardprint #bigcatwallart","https://postergenius.ca/product/leopard-print?utm_source=pinterest&utm_medium=social&utm_campaign=organic","Gallery Wall Ideas"
"Father & Child Scenery Printable Wall Art | Sentimental Gift Print","https://res.cloudinary.com/dcdscgbao/image/upload/w_1000,h_1500,c_fill,g_auto,f_auto,q_auto/v1759773692/qo4ptgqpdx7nlwufuufe.png","A heartfelt scenery print celebrating the bond between parent and child. Instant digital download in multiple sizes. A meaningful gift for dads and a beautiful addition to a family home. Shop at postergenius.ca. #dadgift #familywallart","https://postergenius.ca/product/true-dad-ication?utm_source=pinterest&utm_medium=social&utm_campaign=organic","Scenery & Landscape Wall Art"
"Father & Child Scenery Printable Wall Art | Sentimental Gift Print","https://res.cloudinary.com/dcdscgbao/image/upload/w_1000,h_1500,c_fill,g_auto,f_auto,q_auto/v1759773692/qo4ptgqpdx7nlwufuufe.png","A heartfelt scenery print celebrating the bond between parent and child. Instant digital download in multiple sizes. A meaningful gift for dads and a beautiful addition to a family home. Shop at postergenius.ca. #dadgift #familywallart","https://postergenius.ca/product/true-dad-ication?utm_source=pinterest&utm_medium=social&utm_campaign=organic","Minimalist Wall Art Prints"
"Father & Child Scenery Printable Wall Art | Sentimental Gift Print","https://res.cloudinary.com/dcdscgbao/image/upload/w_1000,h_1500,c_fill,g_auto,f_auto,q_auto/v1759773692/qo4ptgqpdx7nlwufuufe.png","A heartfelt scenery print celebrating the bond between parent and child. Instant digital download in multiple sizes. A meaningful gift for dads and a beautiful addition to a family home. Shop at postergenius.ca. #dadgift #familywallart","https://postergenius.ca/product/true-dad-ication?utm_source=pinterest&utm_medium=social&utm_campaign=organic","Gallery Wall Ideas"
"Venice Grand Canal Printable Wall Art | Travel Scenery Print","https://res.cloudinary.com/dcdscgbao/image/upload/w_1000,h_1500,c_fill,g_auto,f_auto,q_auto/v1759773630/c6mbbiawfpxslwnc8zvg.png","Capture the timeless beauty of Venice's Grand Canal in your home. Instant digital download in 12×18, 18×24, and 24×36. A stunning travel-inspired print for living rooms, offices, and gallery walls. Shop at postergenius.ca. #veniceposter #travelwallart","https://postergenius.ca/product/grand-canal?utm_source=pinterest&utm_medium=social&utm_campaign=organic","Scenery & Landscape Wall Art"
"Venice Grand Canal Printable Wall Art | Travel Scenery Print","https://res.cloudinary.com/dcdscgbao/image/upload/w_1000,h_1500,c_fill,g_auto,f_auto,q_auto/v1759773630/c6mbbiawfpxslwnc8zvg.png","Capture the timeless beauty of Venice's Grand Canal in your home. Instant digital download in 12×18, 18×24, and 24×36. A stunning travel-inspired print for living rooms, offices, and gallery walls. Shop at postergenius.ca. #veniceposter #travelwallart","https://postergenius.ca/product/grand-canal?utm_source=pinterest&utm_medium=social&utm_campaign=organic","Minimalist Wall Art Prints"
"Venice Grand Canal Printable Wall Art | Travel Scenery Print","https://res.cloudinary.com/dcdscgbao/image/upload/w_1000,h_1500,c_fill,g_auto,f_auto,q_auto/v1759773630/c6mbbiawfpxslwnc8zvg.png","Capture the timeless beauty of Venice's Grand Canal in your home. Instant digital download in 12×18, 18×24, and 24×36. A stunning travel-inspired print for living rooms, offices, and gallery walls. Shop at postergenius.ca. #veniceposter #travelwallart","https://postergenius.ca/product/grand-canal?utm_source=pinterest&utm_medium=social&utm_campaign=organic","Gallery Wall Ideas"
"Paris Cityscape Printable Wall Art | Parisian Home Decor Print","https://res.cloudinary.com/dcdscgbao/image/upload/w_1000,h_1500,c_fill,g_auto,f_auto,q_auto/v1759773569/mu9h0y6qyrx1qektropn.jpg","Bring the romance of Paris into your space with this elegant cityscape print. Instant digital download in multiple sizes. Perfect for French-inspired interiors, reading nooks, and gallery walls. Shop at postergenius.ca. #parisposter #frenchhomedecor","https://postergenius.ca/product/parisian-rhapsody?utm_source=pinterest&utm_medium=social&utm_campaign=organic","Scenery & Landscape Wall Art"
"Paris Cityscape Printable Wall Art | Parisian Home Decor Print","https://res.cloudinary.com/dcdscgbao/image/upload/w_1000,h_1500,c_fill,g_auto,f_auto,q_auto/v1759773569/mu9h0y6qyrx1qektropn.jpg","Bring the romance of Paris into your space with this elegant cityscape print. Instant digital download in multiple sizes. Perfect for French-inspired interiors, reading nooks, and gallery walls. Shop at postergenius.ca. #parisposter #frenchhomedecor","https://postergenius.ca/product/parisian-rhapsody?utm_source=pinterest&utm_medium=social&utm_campaign=organic","Minimalist Wall Art Prints"
"Paris Cityscape Printable Wall Art | Parisian Home Decor Print","https://res.cloudinary.com/dcdscgbao/image/upload/w_1000,h_1500,c_fill,g_auto,f_auto,q_auto/v1759773569/mu9h0y6qyrx1qektropn.jpg","Bring the romance of Paris into your space with this elegant cityscape print. Instant digital download in multiple sizes. Perfect for French-inspired interiors, reading nooks, and gallery walls. Shop at postergenius.ca. #parisposter #frenchhomedecor","https://postergenius.ca/product/parisian-rhapsody?utm_source=pinterest&utm_medium=social&utm_campaign=organic","Gallery Wall Ideas"
"Leopard in Jungle Printable Wall Art | Wildlife Nature Art Print","https://res.cloudinary.com/dcdscgbao/image/upload/w_1000,h_1500,c_fill,g_auto,f_auto,q_auto/v1758846088/d0fnaxwj9rwmk1ljjir4.jpg","A leopard at rest in lush green foliage — wild, watchful, and striking. Instant digital download in 12×18, 18×24, and 24×36. A bold statement piece for nature lovers and wildlife enthusiasts. Shop at postergenius.ca. #leopardposter #wildlifeprint","https://postergenius.ca/product/leopard-s-verdant-watch?utm_source=pinterest&utm_medium=social&utm_campaign=organic","Wildlife Wall Art Prints"
"Leopard in Jungle Printable Wall Art | Wildlife Nature Art Print","https://res.cloudinary.com/dcdscgbao/image/upload/w_1000,h_1500,c_fill,g_auto,f_auto,q_auto/v1758846088/d0fnaxwj9rwmk1ljjir4.jpg","A leopard at rest in lush green foliage — wild, watchful, and striking. Instant digital download in 12×18, 18×24, and 24×36. A bold statement piece for nature lovers and wildlife enthusiasts. Shop at postergenius.ca. #leopardposter #wildlifeprint","https://postergenius.ca/product/leopard-s-verdant-watch?utm_source=pinterest&utm_medium=social&utm_campaign=organic","Minimalist Wall Art Prints"
"Leopard in Jungle Printable Wall Art | Wildlife Nature Art Print","https://res.cloudinary.com/dcdscgbao/image/upload/w_1000,h_1500,c_fill,g_auto,f_auto,q_auto/v1758846088/d0fnaxwj9rwmk1ljjir4.jpg","A leopard at rest in lush green foliage — wild, watchful, and striking. Instant digital download in 12×18, 18×24, and 24×36. A bold statement piece for nature lovers and wildlife enthusiasts. Shop at postergenius.ca. #leopardposter #wildlifeprint","https://postergenius.ca/product/leopard-s-verdant-watch?utm_source=pinterest&utm_medium=social&utm_campaign=organic","Gallery Wall Ideas"
"Dove Bird Printable Wall Art | Peaceful Wildlife Home Decor","https://res.cloudinary.com/dcdscgbao/image/upload/w_1000,h_1500,c_fill,g_auto,f_auto,q_auto/v1759709154/bcvebn3m7rsani48y2gu.png","A serene and classic dove print — timeless, peaceful, and elegant. Instant digital download in multiple sizes. Perfect for calm, light-filled spaces and minimalist interiors. Shop at postergenius.ca. #birdwallart #doveposter","https://postergenius.ca/product/a-classic-dove-story?utm_source=pinterest&utm_medium=social&utm_campaign=organic","Wildlife Wall Art Prints"
"Dove Bird Printable Wall Art | Peaceful Wildlife Home Decor","https://res.cloudinary.com/dcdscgbao/image/upload/w_1000,h_1500,c_fill,g_auto,f_auto,q_auto/v1759709154/bcvebn3m7rsani48y2gu.png","A serene and classic dove print — timeless, peaceful, and elegant. Instant digital download in multiple sizes. Perfect for calm, light-filled spaces and minimalist interiors. Shop at postergenius.ca. #birdwallart #doveposter","https://postergenius.ca/product/a-classic-dove-story?utm_source=pinterest&utm_medium=social&utm_campaign=organic","Minimalist Wall Art Prints"
"Dove Bird Printable Wall Art | Peaceful Wildlife Home Decor","https://res.cloudinary.com/dcdscgbao/image/upload/w_1000,h_1500,c_fill,g_auto,f_auto,q_auto/v1759709154/bcvebn3m7rsani48y2gu.png","A serene and classic dove print — timeless, peaceful, and elegant. Instant digital download in multiple sizes. Perfect for calm, light-filled spaces and minimalist interiors. Shop at postergenius.ca. #birdwallart #doveposter","https://postergenius.ca/product/a-classic-dove-story?utm_source=pinterest&utm_medium=social&utm_campaign=organic","Gallery Wall Ideas"
"White Horse Printable Wall Art | Majestic Equestrian Art Print","https://res.cloudinary.com/dcdscgbao/image/upload/w_1000,h_1500,c_fill,g_auto,f_auto,q_auto/v1759709116/td2pgl0zmkgfkyhmryqj.png","A powerful white warhorse — regal, dramatic, and full of presence. Instant digital download in multiple sizes. Perfect for equestrian lovers and anyone drawn to bold, commanding wall art. Shop at postergenius.ca. #horseposter #equestrianwallart","https://postergenius.ca/product/majestic-white-warhorse?utm_source=pinterest&utm_medium=social&utm_campaign=organic","Animal Wall Art Prints"
"White Horse Printable Wall Art | Majestic Equestrian Art Print","https://res.cloudinary.com/dcdscgbao/image/upload/w_1000,h_1500,c_fill,g_auto,f_auto,q_auto/v1759709116/td2pgl0zmkgfkyhmryqj.png","A powerful white warhorse — regal, dramatic, and full of presence. Instant digital download in multiple sizes. Perfect for equestrian lovers and anyone drawn to bold, commanding wall art. Shop at postergenius.ca. #horseposter #equestrianwallart","https://postergenius.ca/product/majestic-white-warhorse?utm_source=pinterest&utm_medium=social&utm_campaign=organic","Minimalist Wall Art Prints"
"White Horse Printable Wall Art | Majestic Equestrian Art Print","https://res.cloudinary.com/dcdscgbao/image/upload/w_1000,h_1500,c_fill,g_auto,f_auto,q_auto/v1759709116/td2pgl0zmkgfkyhmryqj.png","A powerful white warhorse — regal, dramatic, and full of presence. Instant digital download in multiple sizes. Perfect for equestrian lovers and anyone drawn to bold, commanding wall art. Shop at postergenius.ca. #horseposter #equestrianwallart","https://postergenius.ca/product/majestic-white-warhorse?utm_source=pinterest&utm_medium=social&utm_campaign=organic","Gallery Wall Ideas"
"Koi Fish Printable Wall Art | Japanese Zen Home Decor Print","https://res.cloudinary.com/dcdscgbao/image/upload/w_1000,h_1500,c_fill,g_auto,f_auto,q_auto/v1758846208/qpoytrt3031u8nrmxvel.png","Elegant koi fish art print inspired by Japanese tradition and Zen aesthetics. Instant digital download in 12×18, 18×24, and 24×36. Beautiful in meditation spaces, living rooms, and eclectic galleries. Shop at postergenius.ca. #koifish #japanesewallart","https://postergenius.ca/product/don-t-be-koi-with-me?utm_source=pinterest&utm_medium=social&utm_campaign=organic","Animal Wall Art Prints"
"Koi Fish Printable Wall Art | Japanese Zen Home Decor Print","https://res.cloudinary.com/dcdscgbao/image/upload/w_1000,h_1500,c_fill,g_auto,f_auto,q_auto/v1758846208/qpoytrt3031u8nrmxvel.png","Elegant koi fish art print inspired by Japanese tradition and Zen aesthetics. Instant digital download in 12×18, 18×24, and 24×36. Beautiful in meditation spaces, living rooms, and eclectic galleries. Shop at postergenius.ca. #koifish #japanesewallart","https://postergenius.ca/product/don-t-be-koi-with-me?utm_source=pinterest&utm_medium=social&utm_campaign=organic","Minimalist Wall Art Prints"
"Koi Fish Printable Wall Art | Japanese Zen Home Decor Print","https://res.cloudinary.com/dcdscgbao/image/upload/w_1000,h_1500,c_fill,g_auto,f_auto,q_auto/v1758846208/qpoytrt3031u8nrmxvel.png","Elegant koi fish art print inspired by Japanese tradition and Zen aesthetics. Instant digital download in 12×18, 18×24, and 24×36. Beautiful in meditation spaces, living rooms, and eclectic galleries. Shop at postergenius.ca. #koifish #japanesewallart","https://postergenius.ca/product/don-t-be-koi-with-me?utm_source=pinterest&utm_medium=social&utm_campaign=organic","Gallery Wall Ideas"
"Autumn Stag Deer Printable Wall Art | Wildlife Nature Art Print","https://res.cloudinary.com/dcdscgbao/image/upload/w_1000,h_1500,c_fill,g_auto,f_auto,q_auto/v1759708983/fpoekdjcea8pgoqhjyrk.png","A majestic stag set against the warm tones of autumn — dramatic and breathtaking. Instant digital download in 12×18, 18×24, and 24×36. Perfect for rustic, earthy, and nature-inspired interiors. Shop at postergenius.ca. #stagposter #autumnwallart","https://postergenius.ca/product/majestic-autumn-king?utm_source=pinterest&utm_medium=social&utm_campaign=organic","Wildlife Wall Art Prints"
"Autumn Stag Deer Printable Wall Art | Wildlife Nature Art Print","https://res.cloudinary.com/dcdscgbao/image/upload/w_1000,h_1500,c_fill,g_auto,f_auto,q_auto/v1759708983/fpoekdjcea8pgoqhjyrk.png","A majestic stag set against the warm tones of autumn — dramatic and breathtaking. Instant digital download in 12×18, 18×24, and 24×36. Perfect for rustic, earthy, and nature-inspired interiors. Shop at postergenius.ca. #stagposter #autumnwallart","https://postergenius.ca/product/majestic-autumn-king?utm_source=pinterest&utm_medium=social&utm_campaign=organic","Minimalist Wall Art Prints"
"Autumn Stag Deer Printable Wall Art | Wildlife Nature Art Print","https://res.cloudinary.com/dcdscgbao/image/upload/w_1000,h_1500,c_fill,g_auto,f_auto,q_auto/v1759708983/fpoekdjcea8pgoqhjyrk.png","A majestic stag set against the warm tones of autumn — dramatic and breathtaking. Instant digital download in 12×18, 18×24, and 24×36. Perfect for rustic, earthy, and nature-inspired interiors. Shop at postergenius.ca. #stagposter #autumnwallart","https://postergenius.ca/product/majestic-autumn-king?utm_source=pinterest&utm_medium=social&utm_campaign=organic","Gallery Wall Ideas"
"Lion Golden Hour Printable Wall Art | Majestic Wildlife Art Print","https://res.cloudinary.com/dcdscgbao/image/upload/w_1000,h_1500,c_fill,g_auto,f_auto,q_auto/v1759708946/awtqbkcjlgueafqqizyy.png","A breathtaking lion portrait bathed in golden hour light. Instant digital download in multiple sizes. A bold, cinematic piece for living rooms, offices, and feature walls. Shop at postergenius.ca. #lionwallart #goldenhourprint","https://postergenius.ca/product/lion-mane-golden-hour?utm_source=pinterest&utm_medium=social&utm_campaign=organic","Wildlife Wall Art Prints"
"Lion Golden Hour Printable Wall Art | Majestic Wildlife Art Print","https://res.cloudinary.com/dcdscgbao/image/upload/w_1000,h_1500,c_fill,g_auto,f_auto,q_auto/v1759708946/awtqbkcjlgueafqqizyy.png","A breathtaking lion portrait bathed in golden hour light. Instant digital download in multiple sizes. A bold, cinematic piece for living rooms, offices, and feature walls. Shop at postergenius.ca. #lionwallart #goldenhourprint","https://postergenius.ca/product/lion-mane-golden-hour?utm_source=pinterest&utm_medium=social&utm_campaign=organic","Minimalist Wall Art Prints"
"Lion Golden Hour Printable Wall Art | Majestic Wildlife Art Print","https://res.cloudinary.com/dcdscgbao/image/upload/w_1000,h_1500,c_fill,g_auto,f_auto,q_auto/v1759708946/awtqbkcjlgueafqqizyy.png","A breathtaking lion portrait bathed in golden hour light. Instant digital download in multiple sizes. A bold, cinematic piece for living rooms, offices, and feature walls. Shop at postergenius.ca. #lionwallart #goldenhourprint","https://postergenius.ca/product/lion-mane-golden-hour?utm_source=pinterest&utm_medium=social&utm_campaign=organic","Gallery Wall Ideas"
"Elephant African Wildlife Printable Wall Art | Safari Home Decor","https://res.cloudinary.com/dcdscgbao/image/upload/w_1000,h_1500,c_fill,g_auto,f_auto,q_auto/v1759708796/t8ojbitprmdvenshr84t.png","A gentle giant of the African savanna — warm, majestic, and full of character. Instant digital download in 12×18, 18×24, and 24×36. Beautiful in living rooms and gallery wall arrangements. Shop at postergenius.ca. #elephantprint #safaridecor","https://postergenius.ca/product/africa-s-friendly-giant?utm_source=pinterest&utm_medium=social&utm_campaign=organic","Wildlife Wall Art Prints"
"Elephant African Wildlife Printable Wall Art | Safari Home Decor","https://res.cloudinary.com/dcdscgbao/image/upload/w_1000,h_1500,c_fill,g_auto,f_auto,q_auto/v1759708796/t8ojbitprmdvenshr84t.png","A gentle giant of the African savanna — warm, majestic, and full of character. Instant digital download in 12×18, 18×24, and 24×36. Beautiful in living rooms and gallery wall arrangements. Shop at postergenius.ca. #elephantprint #safaridecor","https://postergenius.ca/product/africa-s-friendly-giant?utm_source=pinterest&utm_medium=social&utm_campaign=organic","Minimalist Wall Art Prints"
"Elephant African Wildlife Printable Wall Art | Safari Home Decor","https://res.cloudinary.com/dcdscgbao/image/upload/w_1000,h_1500,c_fill,g_auto,f_auto,q_auto/v1759708796/t8ojbitprmdvenshr84t.png","A gentle giant of the African savanna — warm, majestic, and full of character. Instant digital download in 12×18, 18×24, and 24×36. Beautiful in living rooms and gallery wall arrangements. Shop at postergenius.ca. #elephantprint #safaridecor","https://postergenius.ca/product/africa-s-friendly-giant?utm_source=pinterest&utm_medium=social&utm_campaign=organic","Gallery Wall Ideas"
"Desert Botanical Line Art Printable Wall Art | Minimalist Print","https://res.cloudinary.com/dcdscgbao/image/upload/w_1000,h_1500,c_fill,g_auto,f_auto,q_auto/v1759708717/dv8vuguxsduh9qoyc2kt.jpg","Clean desert botanical line art — minimal, modern, and endlessly versatile. Instant digital download in multiple sizes. A perfect fit for neutral, Scandinavian, and boho interiors. Shop at postergenius.ca. #botanicalprint #lineartwallart","https://postergenius.ca/product/desert-lines?utm_source=pinterest&utm_medium=social&utm_campaign=organic","Botanical Wall Art"
"Desert Botanical Line Art Printable Wall Art | Minimalist Print","https://res.cloudinary.com/dcdscgbao/image/upload/w_1000,h_1500,c_fill,g_auto,f_auto,q_auto/v1759708717/dv8vuguxsduh9qoyc2kt.jpg","Clean desert botanical line art — minimal, modern, and endlessly versatile. Instant digital download in multiple sizes. A perfect fit for neutral, Scandinavian, and boho interiors. Shop at postergenius.ca. #botanicalprint #lineartwallart","https://postergenius.ca/product/desert-lines?utm_source=pinterest&utm_medium=social&utm_campaign=organic","Minimalist Wall Art Prints"
"Desert Botanical Line Art Printable Wall Art | Minimalist Print","https://res.cloudinary.com/dcdscgbao/image/upload/w_1000,h_1500,c_fill,g_auto,f_auto,q_auto/v1759708717/dv8vuguxsduh9qoyc2kt.jpg","Clean desert botanical line art — minimal, modern, and endlessly versatile. Instant digital download in multiple sizes. A perfect fit for neutral, Scandinavian, and boho interiors. Shop at postergenius.ca. #botanicalprint #lineartwallart","https://postergenius.ca/product/desert-lines?utm_source=pinterest&utm_medium=social&utm_campaign=organic","Gallery Wall Ideas"
"Fresh Greens Botanical Printable Wall Art | Kitchen Home Decor","https://res.cloudinary.com/dcdscgbao/image/upload/w_1000,h_1500,c_fill,g_auto,f_auto,q_auto/v1759708666/ldanrna5cmfz0tkjbuiv.jpg","A vibrant botanical print celebrating fresh greens — playful and kitchen-perfect. Instant digital download in 12×18, 18×24, and 24×36. Brighten up your kitchen, dining room, or any casual space. Shop at postergenius.ca. #kitchenwallart #botanicalposter","https://postergenius.ca/product/ceaser-s-snack?utm_source=pinterest&utm_medium=social&utm_campaign=organic","Botanical Wall Art"
"Fresh Greens Botanical Printable Wall Art | Kitchen Home Decor","https://res.cloudinary.com/dcdscgbao/image/upload/w_1000,h_1500,c_fill,g_auto,f_auto,q_auto/v1759708666/ldanrna5cmfz0tkjbuiv.jpg","A vibrant botanical print celebrating fresh greens — playful and kitchen-perfect. Instant digital download in 12×18, 18×24, and 24×36. Brighten up your kitchen, dining room, or any casual space. Shop at postergenius.ca. #kitchenwallart #botanicalposter","https://postergenius.ca/product/ceaser-s-snack?utm_source=pinterest&utm_medium=social&utm_campaign=organic","Minimalist Wall Art Prints"
"Fresh Greens Botanical Printable Wall Art | Kitchen Home Decor","https://res.cloudinary.com/dcdscgbao/image/upload/w_1000,h_1500,c_fill,g_auto,f_auto,q_auto/v1759708666/ldanrna5cmfz0tkjbuiv.jpg","A vibrant botanical print celebrating fresh greens — playful and kitchen-perfect. Instant digital download in 12×18, 18×24, and 24×36. Brighten up your kitchen, dining room, or any casual space. Shop at postergenius.ca. #kitchenwallart #botanicalposter","https://postergenius.ca/product/ceaser-s-snack?utm_source=pinterest&utm_medium=social&utm_campaign=organic","Gallery Wall Ideas"
"Pear Botanical Printable Wall Art | Fruit Kitchen Decor Print","https://res.cloudinary.com/dcdscgbao/image/upload/w_1000,h_1500,c_fill,g_auto,f_auto,q_auto/v1758846784/yp1e7szl0kvk5s4himx0.jpg","A charming pear botanical print that adds warmth and character to any kitchen or dining space. Instant digital download in multiple sizes. Simple, stylish, and easy to frame. Shop at postergenius.ca. #fruitwallart #kitchenposter","https://postergenius.ca/product/perfect-pear-ing?utm_source=pinterest&utm_medium=social&utm_campaign=organic","Botanical Wall Art"
"Pear Botanical Printable Wall Art | Fruit Kitchen Decor Print","https://res.cloudinary.com/dcdscgbao/image/upload/w_1000,h_1500,c_fill,g_auto,f_auto,q_auto/v1758846784/yp1e7szl0kvk5s4himx0.jpg","A charming pear botanical print that adds warmth and character to any kitchen or dining space. Instant digital download in multiple sizes. Simple, stylish, and easy to frame. Shop at postergenius.ca. #fruitwallart #kitchenposter","https://postergenius.ca/product/perfect-pear-ing?utm_source=pinterest&utm_medium=social&utm_campaign=organic","Minimalist Wall Art Prints"
"Pear Botanical Printable Wall Art | Fruit Kitchen Decor Print","https://res.cloudinary.com/dcdscgbao/image/upload/w_1000,h_1500,c_fill,g_auto,f_auto,q_auto/v1758846784/yp1e7szl0kvk5s4himx0.jpg","A charming pear botanical print that adds warmth and character to any kitchen or dining space. Instant digital download in multiple sizes. Simple, stylish, and easy to frame. Shop at postergenius.ca. #fruitwallart #kitchenposter","https://postergenius.ca/product/perfect-pear-ing?utm_source=pinterest&utm_medium=social&utm_campaign=organic","Gallery Wall Ideas"
"Pink Pomegranate Botanical Printable Wall Art | Fruit Home Decor","https://res.cloudinary.com/dcdscgbao/image/upload/w_1000,h_1500,c_fill,g_auto,f_auto,q_auto/v1759708456/lnsu08zrz7eikoqedztc.jpg","A rich, jewel-toned pomegranate botanical print — striking and sophisticated. Instant digital download in 12×18, 18×24, and 24×36. Great for kitchens, dining rooms, and eclectic gallery walls. Shop at postergenius.ca. #botanicalprintable #pomegranateprint","https://postergenius.ca/product/pink-pomegranate-poster?utm_source=pinterest&utm_medium=social&utm_campaign=organic","Botanical Wall Art"
"Pink Pomegranate Botanical Printable Wall Art | Fruit Home Decor","https://res.cloudinary.com/dcdscgbao/image/upload/w_1000,h_1500,c_fill,g_auto,f_auto,q_auto/v1759708456/lnsu08zrz7eikoqedztc.jpg","A rich, jewel-toned pomegranate botanical print — striking and sophisticated. Instant digital download in 12×18, 18×24, and 24×36. Great for kitchens, dining rooms, and eclectic gallery walls. Shop at postergenius.ca. #botanicalprintable #pomegranateprint","https://postergenius.ca/product/pink-pomegranate-poster?utm_source=pinterest&utm_medium=social&utm_campaign=organic","Minimalist Wall Art Prints"
"Pink Pomegranate Botanical Printable Wall Art | Fruit Home Decor","https://res.cloudinary.com/dcdscgbao/image/upload/w_1000,h_1500,c_fill,g_auto,f_auto,q_auto/v1759708456/lnsu08zrz7eikoqedztc.jpg","A rich, jewel-toned pomegranate botanical print — striking and sophisticated. Instant digital download in 12×18, 18×24, and 24×36. Great for kitchens, dining rooms, and eclectic gallery walls. Shop at postergenius.ca. #botanicalprintable #pomegranateprint","https://postergenius.ca/product/pink-pomegranate-poster?utm_source=pinterest&utm_medium=social&utm_campaign=organic","Gallery Wall Ideas"
"Rustic Botanical Printable Wall Art | Farmhouse Home Decor Print","https://res.cloudinary.com/dcdscgbao/image/upload/w_1000,h_1500,c_fill,g_auto,f_auto,q_auto/v1759708371/t5hxjkvjpxsrztbtmvyh.png","Warm rustic botanical wall art with earthy farmhouse charm. Instant digital download in multiple sizes. Perfect for cozy kitchens, dining rooms, and country-style interiors. Shop at postergenius.ca. #farmhousedecor #rusticwallart","https://postergenius.ca/product/rustic-charm?utm_source=pinterest&utm_medium=social&utm_campaign=organic","Botanical Wall Art"
"Rustic Botanical Printable Wall Art | Farmhouse Home Decor Print","https://res.cloudinary.com/dcdscgbao/image/upload/w_1000,h_1500,c_fill,g_auto,f_auto,q_auto/v1759708371/t5hxjkvjpxsrztbtmvyh.png","Warm rustic botanical wall art with earthy farmhouse charm. Instant digital download in multiple sizes. Perfect for cozy kitchens, dining rooms, and country-style interiors. Shop at postergenius.ca. #farmhousedecor #rusticwallart","https://postergenius.ca/product/rustic-charm?utm_source=pinterest&utm_medium=social&utm_campaign=organic","Minimalist Wall Art Prints"
"Rustic Botanical Printable Wall Art | Farmhouse Home Decor Print","https://res.cloudinary.com/dcdscgbao/image/upload/w_1000,h_1500,c_fill,g_auto,f_auto,q_auto/v1759708371/t5hxjkvjpxsrztbtmvyh.png","Warm rustic botanical wall art with earthy farmhouse charm. Instant digital download in multiple sizes. Perfect for cozy kitchens, dining rooms, and country-style interiors. Shop at postergenius.ca. #farmhousedecor #rusticwallart","https://postergenius.ca/product/rustic-charm?utm_source=pinterest&utm_medium=social&utm_campaign=organic","Gallery Wall Ideas"
"Ink Botanical Plant Printable Wall Art | Abstract Nature Print","https://res.cloudinary.com/dcdscgbao/image/upload/w_1000,h_1500,c_fill,g_auto,f_auto,q_auto/v1759708328/jpzphewgbfmrzezkqbuq.png","Expressive ink botanical art — raw, organic, and beautifully imperfect. Instant digital download in 12×18, 18×24, and 24×36. A striking choice for modern, artistic, and eclectic interiors. Shop at postergenius.ca. #inkwallart #botanicalprintable","https://postergenius.ca/product/ink-essence?utm_source=pinterest&utm_medium=social&utm_campaign=organic","Botanical Wall Art"
"Ink Botanical Plant Printable Wall Art | Abstract Nature Print","https://res.cloudinary.com/dcdscgbao/image/upload/w_1000,h_1500,c_fill,g_auto,f_auto,q_auto/v1759708328/jpzphewgbfmrzezkqbuq.png","Expressive ink botanical art — raw, organic, and beautifully imperfect. Instant digital download in 12×18, 18×24, and 24×36. A striking choice for modern, artistic, and eclectic interiors. Shop at postergenius.ca. #inkwallart #botanicalprintable","https://postergenius.ca/product/ink-essence?utm_source=pinterest&utm_medium=social&utm_campaign=organic","Minimalist Wall Art Prints"
"Ink Botanical Plant Printable Wall Art | Abstract Nature Print","https://res.cloudinary.com/dcdscgbao/image/upload/w_1000,h_1500,c_fill,g_auto,f_auto,q_auto/v1759708328/jpzphewgbfmrzezkqbuq.png","Expressive ink botanical art — raw, organic, and beautifully imperfect. Instant digital download in 12×18, 18×24, and 24×36. A striking choice for modern, artistic, and eclectic interiors. Shop at postergenius.ca. #inkwallart #botanicalprintable","https://postergenius.ca/product/ink-essence?utm_source=pinterest&utm_medium=social&utm_campaign=organic","Gallery Wall Ideas"
"Citrus Botanical Printable Wall Art | Bright Kitchen Home Decor","https://res.cloudinary.com/dcdscgbao/image/upload/w_1000,h_1500,c_fill,g_auto,f_auto,q_auto/v1759708268/gxnzm5q3ewkx6itb25iz.png","Vibrant citrus botanical art print full of sunshine and energy. Instant digital download in multiple sizes. Perfect for kitchens, breakfast nooks, and any space that needs a pop of colour. Shop at postergenius.ca. #citruswallart #botanicalposter","https://postergenius.ca/product/zesty-appeal?utm_source=pinterest&utm_medium=social&utm_campaign=organic","Botanical Wall Art"
"Citrus Botanical Printable Wall Art | Bright Kitchen Home Decor","https://res.cloudinary.com/dcdscgbao/image/upload/w_1000,h_1500,c_fill,g_auto,f_auto,q_auto/v1759708268/gxnzm5q3ewkx6itb25iz.png","Vibrant citrus botanical art print full of sunshine and energy. Instant digital download in multiple sizes. Perfect for kitchens, breakfast nooks, and any space that needs a pop of colour. Shop at postergenius.ca. #citruswallart #botanicalposter","https://postergenius.ca/product/zesty-appeal?utm_source=pinterest&utm_medium=social&utm_campaign=organic","Minimalist Wall Art Prints"
"Citrus Botanical Printable Wall Art | Bright Kitchen Home Decor","https://res.cloudinary.com/dcdscgbao/image/upload/w_1000,h_1500,c_fill,g_auto,f_auto,q_auto/v1759708268/gxnzm5q3ewkx6itb25iz.png","Vibrant citrus botanical art print full of sunshine and energy. Instant digital download in multiple sizes. Perfect for kitchens, breakfast nooks, and any space that needs a pop of colour. Shop at postergenius.ca. #citruswallart #botanicalposter","https://postergenius.ca/product/zesty-appeal?utm_source=pinterest&utm_medium=social&utm_campaign=organic","Gallery Wall Ideas"
"Dark Symbiote Antihero Comic Style Printable Wall Art | Villain Print","https://res.cloudinary.com/dcdscgbao/image/upload/w_1000,h_1500,c_fill,g_auto,f_auto,q_auto/v1759708221/e0sj0twjlpjxsyhyvs2r.png","Intense, dark comic book-style antihero wall art — bold and unapologetic. Instant digital download in 12×18, 18×24, and 24×36. Perfect for comics fans, man caves, and edgy gallery walls. Shop at postergenius.ca. #comicbookwallart #antiheroposter","https://postergenius.ca/product/venomous-encounter?utm_source=pinterest&utm_medium=social&utm_campaign=organic","Comic Book & Hero Wall Art"
"Dark Symbiote Antihero Comic Style Printable Wall Art | Villain Print","https://res.cloudinary.com/dcdscgbao/image/upload/w_1000,h_1500,c_fill,g_auto,f_auto,q_auto/v1759708221/e0sj0twjlpjxsyhyvs2r.png","Intense, dark comic book-style antihero wall art — bold and unapologetic. Instant digital download in 12×18, 18×24, and 24×36. Perfect for comics fans, man caves, and edgy gallery walls. Shop at postergenius.ca. #comicbookwallart #antiheroposter","https://postergenius.ca/product/venomous-encounter?utm_source=pinterest&utm_medium=social&utm_campaign=organic","Minimalist Wall Art Prints"
"Dark Symbiote Antihero Comic Style Printable Wall Art | Villain Print","https://res.cloudinary.com/dcdscgbao/image/upload/w_1000,h_1500,c_fill,g_auto,f_auto,q_auto/v1759708221/e0sj0twjlpjxsyhyvs2r.png","Intense, dark comic book-style antihero wall art — bold and unapologetic. Instant digital download in 12×18, 18×24, and 24×36. Perfect for comics fans, man caves, and edgy gallery walls. Shop at postergenius.ca. #comicbookwallart #antiheroposter","https://postergenius.ca/product/venomous-encounter?utm_source=pinterest&utm_medium=social&utm_campaign=organic","Gallery Wall Ideas"
"Iron Genius vs Armored Villain Comic Printable Wall Art | Marvel Style","https://res.cloudinary.com/dcdscgbao/image/upload/w_1000,h_1500,c_fill,g_auto,f_auto,q_auto/v1759708125/mmjeddhgu8awdf0jbzk1.png","An epic comic-style showdown between genius and doom — dramatic and detailed. Instant digital download in multiple sizes. A must-have for comic book fans and superhero decor lovers. Shop at postergenius.ca. #comicwallart #superheroposter","https://postergenius.ca/product/rdj-brings-the-doom?utm_source=pinterest&utm_medium=social&utm_campaign=organic","Comic Book & Hero Wall Art"
"Iron Genius vs Armored Villain Comic Printable Wall Art | Marvel Style","https://res.cloudinary.com/dcdscgbao/image/upload/w_1000,h_1500,c_fill,g_auto,f_auto,q_auto/v1759708125/mmjeddhgu8awdf0jbzk1.png","An epic comic-style showdown between genius and doom — dramatic and detailed. Instant digital download in multiple sizes. A must-have for comic book fans and superhero decor lovers. Shop at postergenius.ca. #comicwallart #superheroposter","https://postergenius.ca/product/rdj-brings-the-doom?utm_source=pinterest&utm_medium=social&utm_campaign=organic","Minimalist Wall Art Prints"
"Iron Genius vs Armored Villain Comic Printable Wall Art | Marvel Style","https://res.cloudinary.com/dcdscgbao/image/upload/w_1000,h_1500,c_fill,g_auto,f_auto,q_auto/v1759708125/mmjeddhgu8awdf0jbzk1.png","An epic comic-style showdown between genius and doom — dramatic and detailed. Instant digital download in multiple sizes. A must-have for comic book fans and superhero decor lovers. Shop at postergenius.ca. #comicwallart #superheroposter","https://postergenius.ca/product/rdj-brings-the-doom?utm_source=pinterest&utm_medium=social&utm_campaign=organic","Gallery Wall Ideas"
"Merc with a Mouth Comic Style Printable Wall Art | Funny Hero Print","https://res.cloudinary.com/dcdscgbao/image/upload/w_1000,h_1500,c_fill,g_auto,f_auto,q_auto/v1759707927/zjut2c2xeuo5heoozqlo.png","The mouthy merc breaks the fourth wall — again. Bold comic-style art for fans who get the joke. Instant digital download in 12×18, 18×24, and 24×36. Ideal for office walls, dorm rooms, and anyone with a great sense of humor. Shop at postergenius.ca. #comicposter #funnywallart","https://postergenius.ca/product/deadpool-broke-the-fourth-wall-again?utm_source=pinterest&utm_medium=social&utm_campaign=organic","Comic Book & Hero Wall Art"
"Merc with a Mouth Comic Style Printable Wall Art | Funny Hero Print","https://res.cloudinary.com/dcdscgbao/image/upload/w_1000,h_1500,c_fill,g_auto,f_auto,q_auto/v1759707927/zjut2c2xeuo5heoozqlo.png","The mouthy merc breaks the fourth wall — again. Bold comic-style art for fans who get the joke. Instant digital download in 12×18, 18×24, and 24×36. Ideal for office walls, dorm rooms, and anyone with a great sense of humor. Shop at postergenius.ca. #comicposter #funnywallart","https://postergenius.ca/product/deadpool-broke-the-fourth-wall-again?utm_source=pinterest&utm_medium=social&utm_campaign=organic","Minimalist Wall Art Prints"
"Merc with a Mouth Comic Style Printable Wall Art | Funny Hero Print","https://res.cloudinary.com/dcdscgbao/image/upload/w_1000,h_1500,c_fill,g_auto,f_auto,q_auto/v1759707927/zjut2c2xeuo5heoozqlo.png","The mouthy merc breaks the fourth wall — again. Bold comic-style art for fans who get the joke. Instant digital download in 12×18, 18×24, and 24×36. Ideal for office walls, dorm rooms, and anyone with a great sense of humor. Shop at postergenius.ca. #comicposter #funnywallart","https://postergenius.ca/product/deadpool-broke-the-fourth-wall-again?utm_source=pinterest&utm_medium=social&utm_campaign=organic","Gallery Wall Ideas"
"Comic Book Action Hero Printable Wall Art | Adventure Home Decor","https://res.cloudinary.com/dcdscgbao/image/upload/w_1000,h_1500,c_fill,g_auto,f_auto,q_auto/v1759707764/digs3vgoznufcaicrmse.jpg","Dynamic comic book action hero art — energetic, bold, and made for fans. Instant digital download in multiple sizes. Great for kids' rooms, gaming setups, and adventure-themed gallery walls. Shop at postergenius.ca. #comicbookprint #actionwallart","https://postergenius.ca/product/hunt-gather?utm_source=pinterest&utm_medium=social&utm_campaign=organic","Comic Book & Hero Wall Art"
"Comic Book Action Hero Printable Wall Art | Adventure Home Decor","https://res.cloudinary.com/dcdscgbao/image/upload/w_1000,h_1500,c_fill,g_auto,f_auto,q_auto/v1759707764/digs3vgoznufcaicrmse.jpg","Dynamic comic book action hero art — energetic, bold, and made for fans. Instant digital download in multiple sizes. Great for kids' rooms, gaming setups, and adventure-themed gallery walls. Shop at postergenius.ca. #comicbookprint #actionwallart","https://postergenius.ca/product/hunt-gather?utm_source=pinterest&utm_medium=social&utm_campaign=organic","Minimalist Wall Art Prints"
"Comic Book Action Hero Printable Wall Art | Adventure Home Decor","https://res.cloudinary.com/dcdscgbao/image/upload/w_1000,h_1500,c_fill,g_auto,f_auto,q_auto/v1759707764/digs3vgoznufcaicrmse.jpg","Dynamic comic book action hero art — energetic, bold, and made for fans. Instant digital download in multiple sizes. Great for kids' rooms, gaming setups, and adventure-themed gallery walls. Shop at postergenius.ca. #comicbookprint #actionwallart","https://postergenius.ca/product/hunt-gather?utm_source=pinterest&utm_medium=social&utm_campaign=organic","Gallery Wall Ideas"
"Silver Cosmic Herald Comic Style Printable Wall Art | Space Art Print","https://res.cloudinary.com/dcdscgbao/image/upload/w_1000,h_1500,c_fill,g_auto,f_auto,q_auto/v1758847151/tzmmj5yqeqojyzxj6vbj.jpg","A gleaming cosmic herald soars through the stars — dramatic, otherworldly, and stunning. Instant digital download in 12×18, 18×24, and 24×36. Perfect for sci-fi fans and anyone who loves bold, cinematic wall art. Shop at postergenius.ca. #cosmicwallart #scifiposter","https://postergenius.ca/product/silver-finish-herald-of-galactus?utm_source=pinterest&utm_medium=social&utm_campaign=organic","Comic Book & Hero Wall Art"
"Silver Cosmic Herald Comic Style Printable Wall Art | Space Art Print","https://res.cloudinary.com/dcdscgbao/image/upload/w_1000,h_1500,c_fill,g_auto,f_auto,q_auto/v1758847151/tzmmj5yqeqojyzxj6vbj.jpg","A gleaming cosmic herald soars through the stars — dramatic, otherworldly, and stunning. Instant digital download in 12×18, 18×24, and 24×36. Perfect for sci-fi fans and anyone who loves bold, cinematic wall art. Shop at postergenius.ca. #cosmicwallart #scifiposter","https://postergenius.ca/product/silver-finish-herald-of-galactus?utm_source=pinterest&utm_medium=social&utm_campaign=organic","Minimalist Wall Art Prints"
"Silver Cosmic Herald Comic Style Printable Wall Art | Space Art Print","https://res.cloudinary.com/dcdscgbao/image/upload/w_1000,h_1500,c_fill,g_auto,f_auto,q_auto/v1758847151/tzmmj5yqeqojyzxj6vbj.jpg","A gleaming cosmic herald soars through the stars — dramatic, otherworldly, and stunning. Instant digital download in 12×18, 18×24, and 24×36. Perfect for sci-fi fans and anyone who loves bold, cinematic wall art. Shop at postergenius.ca. #cosmicwallart #scifiposter","https://postergenius.ca/product/silver-finish-herald-of-galactus?utm_source=pinterest&utm_medium=social&utm_campaign=organic","Gallery Wall Ideas"
"Vampire Hunter Comic Style Printable Wall Art | Dark Hero Art Print","https://res.cloudinary.com/dcdscgbao/image/upload/w_1000,h_1500,c_fill,g_auto,f_auto,q_auto/v1759707474/krkylnpep5pvoxypkqde.png","A sleek and powerful dark hero poster — brooding, stylish, and iconic. Instant digital download in multiple sizes. Perfect for fans of dark comic aesthetics, man caves, and edgy interiors. Shop at postergenius.ca. #darkheroposter #comicwallart","https://postergenius.ca/product/blade?utm_source=pinterest&utm_medium=social&utm_campaign=organic","Comic Book & Hero Wall Art"
"Vampire Hunter Comic Style Printable Wall Art | Dark Hero Art Print","https://res.cloudinary.com/dcdscgbao/image/upload/w_1000,h_1500,c_fill,g_auto,f_auto,q_auto/v1759707474/krkylnpep5pvoxypkqde.png","A sleek and powerful dark hero poster — brooding, stylish, and iconic. Instant digital download in multiple sizes. Perfect for fans of dark comic aesthetics, man caves, and edgy interiors. Shop at postergenius.ca. #darkheroposter #comicwallart","https://postergenius.ca/product/blade?utm_source=pinterest&utm_medium=social&utm_campaign=organic","Minimalist Wall Art Prints"
"Vampire Hunter Comic Style Printable Wall Art | Dark Hero Art Print","https://res.cloudinary.com/dcdscgbao/image/upload/w_1000,h_1500,c_fill,g_auto,f_auto,q_auto/v1759707474/krkylnpep5pvoxypkqde.png","A sleek and powerful dark hero poster — brooding, stylish, and iconic. Instant digital download in multiple sizes. Perfect for fans of dark comic aesthetics, man caves, and edgy interiors. Shop at postergenius.ca. #darkheroposter #comicwallart","https://postergenius.ca/product/blade?utm_source=pinterest&utm_medium=social&utm_campaign=organic","Gallery Wall Ideas"
"Clown Prince Villain Comic Style Printable Wall Art | Dark Art Print","https://res.cloudinary.com/dcdscgbao/image/upload/w_1000,h_1500,c_fill,g_auto,f_auto,q_auto/v1759707351/nw6vzy1ogk0czl4q02mx.png","Why so serious? Iconic dark comic villain art — dramatic, theatrical, and unforgettable. Instant digital download in 12×18, 18×24, and 24×36. A bold statement piece for comic fans and dark aesthetic interiors. Shop at postergenius.ca. #villainposter #comicstyleprint","https://postergenius.ca/product/an-agent-of-chaos?utm_source=pinterest&utm_medium=social&utm_campaign=organic","Comic Book & Hero Wall Art"
"Clown Prince Villain Comic Style Printable Wall Art | Dark Art Print","https://res.cloudinary.com/dcdscgbao/image/upload/w_1000,h_1500,c_fill,g_auto,f_auto,q_auto/v1759707351/nw6vzy1ogk0czl4q02mx.png","Why so serious? Iconic dark comic villain art — dramatic, theatrical, and unforgettable. Instant digital download in 12×18, 18×24, and 24×36. A bold statement piece for comic fans and dark aesthetic interiors. Shop at postergenius.ca. #villainposter #comicstyleprint","https://postergenius.ca/product/an-agent-of-chaos?utm_source=pinterest&utm_medium=social&utm_campaign=organic","Minimalist Wall Art Prints"
"Clown Prince Villain Comic Style Printable Wall Art | Dark Art Print","https://res.cloudinary.com/dcdscgbao/image/upload/w_1000,h_1500,c_fill,g_auto,f_auto,q_auto/v1759707351/nw6vzy1ogk0czl4q02mx.png","Why so serious? Iconic dark comic villain art — dramatic, theatrical, and unforgettable. Instant digital download in 12×18, 18×24, and 24×36. A bold statement piece for comic fans and dark aesthetic interiors. Shop at postergenius.ca. #villainposter #comicstyleprint","https://postergenius.ca/product/an-agent-of-chaos?utm_source=pinterest&utm_medium=social&utm_campaign=organic","Gallery Wall Ideas"
"Acrobatic Hero Comic Style Printable Wall Art | Blue Bird Art Print","https://res.cloudinary.com/dcdscgbao/image/upload/w_1000,h_1500,c_fill,g_auto,f_auto,q_auto/v1759707283/n7lluvaeosxjtpr9d5vy.png","The agile blue-suited hero in action — dynamic, sleek, and fan-favourite. Instant digital download in multiple sizes. Perfect for DC fans and superhero-themed rooms and gallery walls. Shop at postergenius.ca. #comicheroposter #superherowallart","https://postergenius.ca/product/nightwing-new-52?utm_source=pinterest&utm_medium=social&utm_campaign=organic","Comic Book & Hero Wall Art"
"Acrobatic Hero Comic Style Printable Wall Art | Blue Bird Art Print","https://res.cloudinary.com/dcdscgbao/image/upload/w_1000,h_1500,c_fill,g_auto,f_auto,q_auto/v1759707283/n7lluvaeosxjtpr9d5vy.png","The agile blue-suited hero in action — dynamic, sleek, and fan-favourite. Instant digital download in multiple sizes. Perfect for DC fans and superhero-themed rooms and gallery walls. Shop at postergenius.ca. #comicheroposter #superherowallart","https://postergenius.ca/product/nightwing-new-52?utm_source=pinterest&utm_medium=social&utm_campaign=organic","Minimalist Wall Art Prints"
"Acrobatic Hero Comic Style Printable Wall Art | Blue Bird Art Print","https://res.cloudinary.com/dcdscgbao/image/upload/w_1000,h_1500,c_fill,g_auto,f_auto,q_auto/v1759707283/n7lluvaeosxjtpr9d5vy.png","The agile blue-suited hero in action — dynamic, sleek, and fan-favourite. Instant digital download in multiple sizes. Perfect for DC fans and superhero-themed rooms and gallery walls. Shop at postergenius.ca. #comicheroposter #superherowallart","https://postergenius.ca/product/nightwing-new-52?utm_source=pinterest&utm_medium=social&utm_campaign=organic","Gallery Wall Ideas"
"Sorcerer Supreme Comic Style Wall Art Print | Magic Hero Poster","https://res.cloudinary.com/dcdscgbao/image/upload/w_1000,h_1500,c_fill,g_auto,f_auto,q_auto/v1759707230/h8qli3agwrscio1n0gcr.jpg","Mystical sorcerer art that blends comic book style with magical wonder. Available as a physical print (ships to your door) and instant digital download. Sizes 12×18, 18×24, 24×36. Perfect for fans of magic and the mystic arts. Shop at postergenius.ca. #magicwallart #comicstyleprint","https://postergenius.ca/product/a-strange-spellbinding?utm_source=pinterest&utm_medium=social&utm_campaign=organic","Comic Book & Hero Wall Art"
"Sorcerer Supreme Comic Style Wall Art Print | Magic Hero Poster","https://res.cloudinary.com/dcdscgbao/image/upload/w_1000,h_1500,c_fill,g_auto,f_auto,q_auto/v1759707230/h8qli3agwrscio1n0gcr.jpg","Mystical sorcerer art that blends comic book style with magical wonder. Available as a physical print (ships to your door) and instant digital download. Sizes 12×18, 18×24, 24×36. Perfect for fans of magic and the mystic arts. Shop at postergenius.ca. #magicwallart #comicstyleprint","https://postergenius.ca/product/a-strange-spellbinding?utm_source=pinterest&utm_medium=social&utm_campaign=organic","Minimalist Wall Art Prints"
"Sorcerer Supreme Comic Style Wall Art Print | Magic Hero Poster","https://res.cloudinary.com/dcdscgbao/image/upload/w_1000,h_1500,c_fill,g_auto,f_auto,q_auto/v1759707230/h8qli3agwrscio1n0gcr.jpg","Mystical sorcerer art that blends comic book style with magical wonder. Available as a physical print (ships to your door) and instant digital download. Sizes 12×18, 18×24, 24×36. Perfect for fans of magic and the mystic arts. Shop at postergenius.ca. #magicwallart #comicstyleprint","https://postergenius.ca/product/a-strange-spellbinding?utm_source=pinterest&utm_medium=social&utm_campaign=organic","Gallery Wall Ideas"
"8-Bit Retro Gaming Heroes Wall Art Print | Pixel Art Poster","https://res.cloudinary.com/dcdscgbao/image/upload/w_1000,h_1500,c_fill,g_auto,f_auto,q_auto/v1759706986/epoocuseaxoltgyfwcxg.png","Classic 8-bit pixel art heroes — nostalgic, fun, and endlessly cool. Available as a physical print and instant digital download in 12×18, 18×24, and 24×36. Perfect for gaming rooms, dorm walls, and retro-style spaces. Shop at postergenius.ca. #pixelwallart #gamingdecor","https://postergenius.ca/product/8-bit-adventures?utm_source=pinterest&utm_medium=social&utm_campaign=organic","Comic Book & Hero Wall Art"
"8-Bit Retro Gaming Heroes Wall Art Print | Pixel Art Poster","https://res.cloudinary.com/dcdscgbao/image/upload/w_1000,h_1500,c_fill,g_auto,f_auto,q_auto/v1759706986/epoocuseaxoltgyfwcxg.png","Classic 8-bit pixel art heroes — nostalgic, fun, and endlessly cool. Available as a physical print and instant digital download in 12×18, 18×24, and 24×36. Perfect for gaming rooms, dorm walls, and retro-style spaces. Shop at postergenius.ca. #pixelwallart #gamingdecor","https://postergenius.ca/product/8-bit-adventures?utm_source=pinterest&utm_medium=social&utm_campaign=organic","Minimalist Wall Art Prints"
"8-Bit Retro Gaming Heroes Wall Art Print | Pixel Art Poster","https://res.cloudinary.com/dcdscgbao/image/upload/w_1000,h_1500,c_fill,g_auto,f_auto,q_auto/v1759706986/epoocuseaxoltgyfwcxg.png","Classic 8-bit pixel art heroes — nostalgic, fun, and endlessly cool. Available as a physical print and instant digital download in 12×18, 18×24, and 24×36. Perfect for gaming rooms, dorm walls, and retro-style spaces. Shop at postergenius.ca. #pixelwallart #gamingdecor","https://postergenius.ca/product/8-bit-adventures?utm_source=pinterest&utm_medium=social&utm_campaign=organic","Gallery Wall Ideas"
"Basketball Legend Motivational Wall Art Print | Sports Home Decor","https://res.cloudinary.com/dcdscgbao/image/upload/w_1000,h_1500,c_fill,g_auto,f_auto,q_auto/v1759706954/xdbobrrexucfwcq4yxbl.png","Elite basketball mindset — bold, motivational, and built for champions. Available as a physical print and instant digital download in 12×18, 18×24, and 24×36. Perfect for home gyms, offices, and sports-themed rooms. Shop at postergenius.ca. #basketballposter #motivationalwallart","https://postergenius.ca/product/mamba-mentality?utm_source=pinterest&utm_medium=social&utm_campaign=organic","Sports Wall Art Prints"
"Basketball Legend Motivational Wall Art Print | Sports Home Decor","https://res.cloudinary.com/dcdscgbao/image/upload/w_1000,h_1500,c_fill,g_auto,f_auto,q_auto/v1759706954/xdbobrrexucfwcq4yxbl.png","Elite basketball mindset — bold, motivational, and built for champions. Available as a physical print and instant digital download in 12×18, 18×24, and 24×36. Perfect for home gyms, offices, and sports-themed rooms. Shop at postergenius.ca. #basketballposter #motivationalwallart","https://postergenius.ca/product/mamba-mentality?utm_source=pinterest&utm_medium=social&utm_campaign=organic","Minimalist Wall Art Prints"
"Basketball Legend Motivational Wall Art Print | Sports Home Decor","https://res.cloudinary.com/dcdscgbao/image/upload/w_1000,h_1500,c_fill,g_auto,f_auto,q_auto/v1759706954/xdbobrrexucfwcq4yxbl.png","Elite basketball mindset — bold, motivational, and built for champions. Available as a physical print and instant digital download in 12×18, 18×24, and 24×36. Perfect for home gyms, offices, and sports-themed rooms. Shop at postergenius.ca. #basketballposter #motivationalwallart","https://postergenius.ca/product/mamba-mentality?utm_source=pinterest&utm_medium=social&utm_campaign=organic","Gallery Wall Ideas"
"Clawed Hero Comic Style Wall Art Print | Witty Action Poster","https://res.cloudinary.com/dcdscgbao/image/upload/w_1000,h_1500,c_fill,g_auto,f_auto,q_auto/v1759706912/anhr17a5ifnglbrwdyzk.jpg","The best there is at what he does — sharp claws and sharper wit. Available as a physical print and instant digital download in 12×18, 18×24, and 24×36. A fan-favourite for comic lovers and bold gallery walls. Shop at postergenius.ca. #comicwallart #heroprint","https://postergenius.ca/product/claws-quips?utm_source=pinterest&utm_medium=social&utm_campaign=organic","Comic Book & Hero Wall Art"
"Clawed Hero Comic Style Wall Art Print | Witty Action Poster","https://res.cloudinary.com/dcdscgbao/image/upload/w_1000,h_1500,c_fill,g_auto,f_auto,q_auto/v1759706912/anhr17a5ifnglbrwdyzk.jpg","The best there is at what he does — sharp claws and sharper wit. Available as a physical print and instant digital download in 12×18, 18×24, and 24×36. A fan-favourite for comic lovers and bold gallery walls. Shop at postergenius.ca. #comicwallart #heroprint","https://postergenius.ca/product/claws-quips?utm_source=pinterest&utm_medium=social&utm_campaign=organic","Minimalist Wall Art Prints"
"Clawed Hero Comic Style Wall Art Print | Witty Action Poster","https://res.cloudinary.com/dcdscgbao/image/upload/w_1000,h_1500,c_fill,g_auto,f_auto,q_auto/v1759706912/anhr17a5ifnglbrwdyzk.jpg","The best there is at what he does — sharp claws and sharper wit. Available as a physical print and instant digital download in 12×18, 18×24, and 24×36. A fan-favourite for comic lovers and bold gallery walls. Shop at postergenius.ca. #comicwallart #heroprint","https://postergenius.ca/product/claws-quips?utm_source=pinterest&utm_medium=social&utm_campaign=organic","Gallery Wall Ideas"